<?xml version="1.0" encoding="UTF-8" standalone="yes"?>
<addon id="service.subtitles.localsubtitle" name="LocalSubtitleRepo" version="1.2.0" provider-name="peno64">
    <extension point="xbmc.addon.repository" name="Example Repository">
        <dir>
            <info compressed="false">https://raw.githubusercontent.com/peno64/LocalSubtitleRepo/master/zips/addons.xml</info>
            <checksum>https://raw.githubusercontent.com/peno64/LocalSubtitleRepo/master/zips/addons.xml.md5</checksum>
            <datadir zip="true">https://raw.githubusercontent.com/peno64/LocalSubtitleRepo/master/zips/</datadir>
        </dir>
    </extension>
    <extension point="xbmc.addon.metadata">
        <summary>LocalSubtitleRepo</summary>
        <description>kodi addon to add a local subtitle to a video>
        <disclaimer></disclaimer>
        <platform>all</platform>
        <assets>
            <icon>icon.png</icon>
            <fanart>fanart.jpg</fanart>
        </assets>
    </extension>
</addon>