<?xml version="1.0" encoding="UTF-8" standalone="yes"?>
<addon id="LocalSubtitle" name="LocalSubtitle" version="1.2.0" provider-name="peno64">
    <extension point="xbmc.addon.repository" name="LocalSubtitle">
        <dir>
            <info compressed="false">https://raw.githubusercontent.com/peno64/LocalSubtitle/master/zips/addons.xml</info>
            <checksum>https://raw.githubusercontent.com/peno64/LocalSubtitle/master/zips/addons.xml.md5</checksum>
            <datadir zip="true">https://raw.githubusercontent.com/peno64/LocalSubtitle/master/zips/</datadir>
        </dir>
    </extension>
    <extension point="xbmc.addon.metadata">
        <summary lang="en">LocalSubtitle</summary>
        <description lang="en">kodi addon to add a local subtitle to a video</description>
        <disclaimer></disclaimer>
        <platform>all</platform>
    </extension>
</addon>