﻿<?xml version="1.0" encoding="UTF-8" standalone="yes"?>
<addon id="service.subtitles.localsubtitle"
       name="LocalSubtitle"
       version="1.3.0+Matrix"
       provider-name="peno">
  <requires>
    <import addon="xbmc.python" version="3.0.0"/>
  </requires>
  <extension point="xbmc.subtitle.module"
             library="service.py" />
  <extension point="xbmc.addon.metadata">
    <summary lang="en">LocalSubtitle</summary>
    <description lang="en">Use subtitle from local store</description>
    <disclaimer lang="en"></disclaimer>
    <platform>all</platform>
    <license>GNU GENERAL PUBLIC LICENSE. Version 2, June 1991</license>
    <source></source>
    <assets>
    	<icon>icon.png</icon>
    	<fanart>logo.png</fanart>
    </assets>
  </extension>
</addon>
